Latitude,Longitude,Elevation,Bearing,eggs,adults,mosq,code,BACT_OVI,BACT_OVI1,bact_ovi,bact_ovi1,bact_ad,bact_ad1
6.236845,-75.60598667,1578.2,147693,1,0,1,01B,1,0,1,0,NULL,NULL
6.235928333,-75.60712333,1582.8,176106,0,0,0,05B,0,0,NULL,NULL,NULL,NULL
6.235519057,-75.60839731,0,0,1,0,1,04B,1,0,1,0,NULL,NULL
6.234988333,-75.61150167,1608.8,335484,0,0,0,03B,0,0,NULL,NULL,NULL,NULL
6.234666667,-75.61475,1633.8,306905,1,1,1,02B,1,0,1,0,1,0
6.23282638,-75.61300769,0,0,0,0,0,06B,0,0,NULL,NULL,NULL,NULL
6.233146667,-75.61192333,1599.9,5825,0,0,0,07B,0,0,NULL,NULL,NULL,NULL
6.229711667,-75.61278667,0,0,1,0,1,09B,1,0,1,0,NULL,NULL
6.230111691,-75.61159853,0,0,1,0,1,10B,1,0,1,0,NULL,NULL
6.2312,-75.60900333,1580.1,349134,0,0,0,08B,0,0,NULL,NULL,NULL,NULL
6.23186,-75.605245,0,0,0,1,1,15B,0,0,NULL,NULL,0,1
6.23381,-75.60332,1558.7,283958,0,0,0,12B,0,0,NULL,NULL,NULL,NULL
6.236023333,-75.59899167,1544.9,10816,0,0,0,13B,0,0,NULL,NULL,NULL,NULL
6.235340746,-75.5981449,0,0,1,1,1,14B,1,0,1,0,1,0
6.237388333,-75.598615,1534,286198,1,1,1,11B,1,0,1,0,1,0
6.229431667,-75.591275,1524.8,209832,0,0,0,35B,0,0,NULL,NULL,NULL,NULL
6.229101667,-75.59663,1957.9,10825,0,0,0,20B,0,0,NULL,NULL,NULL,NULL
6.231345,-75.59997833,1550.7,72843,0,0,0,17B,0,0,NULL,NULL,NULL,NULL
6.231255562,-75.60115166,0,0,0,0,0,16B,0,0,NULL,NULL,NULL,NULL
6.226401667,-75.6025,1559.9,336215,1,0,1,23B,1,0,1,0,NULL,NULL
6.22449,-75.60328167,1589.6,8072,1,0,1,26B,1,0,1,0,NULL,NULL
6.223976667,-75.605145,1581.8,71628,0,0,0,25B,0,0,NULL,NULL,NULL,NULL
6.225938333,-75.60593333,1573.1,339797,0,0,0,22B,0,0,NULL,NULL,NULL,NULL
6.225175,-75.60685,1596.2,210059,1,0,0,21B,0,1,0,1,NULL,NULL
6.224101667,-75.60883833,1599.1,357649,0,0,0,24B,0,0,NULL,NULL,NULL,NULL
6.220721667,-75.60860833,1601.1,166889,0,0,0,28B,0,0,NULL,NULL,NULL,NULL
6.221535,-75.60583167,1596,232206,0,0,0,29B,0,0,NULL,NULL,NULL,NULL
6.220928333,-75.60369833,1588.4,10832,0,1,1,30B,0,0,NULL,NULL,0.5,0.5
6.222726667,-75.59936167,1552.3,182394,1,0,1,27B,1,0,1,0,NULL,NULL
6.225533333,-75.599695,1559.9,295419,0,0,0,31B,0,0,NULL,NULL,NULL,NULL
6.224576667,-75.597215,1545.6,145185,1,0,0,34B,1,0,1,0,NULL,NULL
6.225578333,-75.59713,1544.3,135387,0,0,0,32B,0,0,NULL,NULL,NULL,NULL
6.224781667,-75.59415333,1533.9,347899,1,1,1,18B,1,0,1,0,1,0
6.225373333,-75.59386833,1532.2,93841,0,0,0,33B,0,0,NULL,NULL,NULL,NULL
6.23805,-75.58894333,1524.3,117271,0,0,0,44B,0,0,NULL,NULL,NULL,NULL
6.237453333,-75.590855,1515.1,114861,0,0,0,36B,0,0,NULL,NULL,NULL,NULL
6.236866667,-75.59468333,0,0,0,1,1,37B,0,0,NULL,NULL,1,0
6.235355411,-75.59404548,0,0,1,0,1,38B,1,0,1,0,NULL,NULL
6.232901667,-75.59506667,1524.4,98967,0,0,0,40B,0,0,NULL,NULL,NULL,NULL
6.232361667,-75.59266,1526.2,177729,0,0,0,39B,0,0,NULL,NULL,NULL,NULL
6.232438425,-75.58996048,0,0,1,0,1,50B,0,0,NULL,NULL,NULL,NULL
6.23507,-75.58995833,0,0,1,1,1,45B,1,0,1,0,NULL,NULL
6.234663333,-75.58730667,1513.2,1264,1,1,1,46B,1,0,1,0,NULL,NULL
6.234180553,-75.58411058,0,0,1,0,1,47B,1,0,1,0,NULL,NULL
6.233358333,-75.58381333,1508.4,66382,0,0,0,49B,0,0,NULL,NULL,NULL,NULL
6.233841667,-75.581655,1511.6,117683,0,0,0,48B,0,0,NULL,NULL,NULL,NULL
6.23781,-75.58333667,1511.6,312657,0,0,0,43B,0,0,NULL,NULL,NULL,NULL
6.239245,-75.58315,1507.4,130964,0,0,0,41B,0,0,NULL,NULL,NULL,NULL
6.238561343,-75.57933491,0,0,0,0,0,42B,0,0,NULL,NULL,NULL,NULL
6.220313333,-75.594075,15431,213992,1,1,1,O1B-3,1,0,1,0,1,0
6.219715,-75.59822667,15451,271206,0,0,0,O2B-3,0,0,NULL,NULL,NULL,NULL
6.219855,-75.59856833,15407,146431,0,0,0,O3B-3,0,0,NULL,NULL,NULL,NULL
6.215683333,-75.60230333,15648,169378,0,0,0,O4B-3,0,0,NULL,NULL,NULL,NULL
6.215916667,-75.60360833,15847,149453,0,0,0,O5B-3,0,0,NULL,NULL,NULL,NULL
6.214186667,-75.60227,15598,104629,0,0,0,O6B-3,0,0,NULL,NULL,NULL,NULL
6.213858333,-75.600765,15540,77441,0,0,0,O7B-3,0,0,NULL,NULL,NULL,NULL
6.211188333,-75.60298667,15597,350527,0,0,0,O8B-3,0,0,NULL,NULL,NULL,NULL
6.211805,-75.60133833,15532,300385,1,0,1,O9B-3,1,0,1,0,NULL,NULL
6.218093333,-75.593445,15164,24231,0,0,0,O10B-3,0,0,NULL,NULL,NULL,NULL
6.211036667,-75.59898333,15504,165235,1,1,1,O11B-3,1,0,1,0,0.5,0.5
6.207128333,-75.60110167,15513,98993,1,1,1,O12-B,1,0,1,0,1,0
6.206851667,-75.60081,15707,61341,1,1,1,O13R-3,1,0,1,0,0.75,0.25
6.205396667,-75.60281667,16252,286309,1,1,1,O14B-3,0,1,0,1,0,1
6.205561667,-75.60462833,16288,17074,0,0,0,O15B-3,0,0,NULL,NULL,NULL,NULL
6.202626667,-75.59992333,1616.6,23.822,1,0,1,O17B-3,1,0,1,0,NULL,NULL
